-- phpMyAdmin SQL Dump
-- version 4.8.2
-- https://www.phpmyadmin.net/
--
-- Host: 127.0.0.1
-- Generation Time: Feb 07, 2022 at 08:38 AM
-- Server version: 10.1.34-MariaDB
-- PHP Version: 5.6.37

SET SQL_MODE = "NO_AUTO_VALUE_ON_ZERO";
SET AUTOCOMMIT = 0;
START TRANSACTION;
SET time_zone = "+00:00";


/*!40101 SET @OLD_CHARACTER_SET_CLIENT=@@CHARACTER_SET_CLIENT */;
/*!40101 SET @OLD_CHARACTER_SET_RESULTS=@@CHARACTER_SET_RESULTS */;
/*!40101 SET @OLD_COLLATION_CONNECTION=@@COLLATION_CONNECTION */;
/*!40101 SET NAMES utf8mb4 */;

--
-- Database: `company`
--

-- --------------------------------------------------------

--
-- Table structure for table `pj_akses`
--

CREATE TABLE `pj_akses` (
  `id_akses` tinyint(1) UNSIGNED NOT NULL,
  `label` varchar(10) NOT NULL,
  `level_akses` varchar(15) NOT NULL
) ENGINE=MyISAM DEFAULT CHARSET=latin1;

--
-- Dumping data for table `pj_akses`
--

INSERT INTO `pj_akses` (`id_akses`, `label`, `level_akses`) VALUES
(1, 'admin', 'Administrator'),
(2, 'kasir', 'Staff Kasir'),
(3, 'inventory', 'Staff Inventory'),
(4, 'keuangan', 'Staff Keuangan');

-- --------------------------------------------------------

--
-- Table structure for table `pj_barang`
--

CREATE TABLE `pj_barang` (
  `id_barang` int(11) UNSIGNED NOT NULL,
  `kode_barang` varchar(40) NOT NULL,
  `nama_barang` varchar(60) NOT NULL,
  `total_stok` mediumint(11) UNSIGNED NOT NULL,
  `harga` decimal(10,0) NOT NULL,
  `id_kategori_barang` mediumint(11) UNSIGNED NOT NULL,
  `id_merk_barang` mediumint(11) UNSIGNED DEFAULT NULL,
  `keterangan` text NOT NULL,
  `dihapus` enum('tidak','ya') NOT NULL
) ENGINE=MyISAM DEFAULT CHARSET=latin1;

--
-- Dumping data for table `pj_barang`
--

INSERT INTO `pj_barang` (`id_barang`, `kode_barang`, `nama_barang`, `total_stok`, `harga`, `id_kategori_barang`, `id_merk_barang`, `keterangan`, `dihapus`) VALUES
(1, '0001', 'Nike Sport C993', 4, '400000', 1, 2, '', 'tidak'),
(2, '0002', 'Runme Everynight Y98', 45, '120000', 3, 6, '', 'tidak'),
(3, '0003', 'My Lovely Bag 877', 26, '350000', 2, 3, '', 'tidak'),
(4, '0004', 'Quick Silver Gaul', 14, '35000', 3, 5, '', 'tidak'),
(5, '0005', 'My Cool Shoes', 38, '550000', 1, 2, '', 'tidak'),
(6, '3453453', 'Testing', 45, '929992', 1, 6, '', 'ya'),
(7, '9982429', 'Tes ada', 67, '600000', 3, 3, '', 'ya'),
(8, '8787829', 'Yes desk', 88, '999999', 1, 3, '', 'ya'),
(9, '0009', 'Test', 18, '100000', 3, 1, '', 'ya'),
(10, '99989', 'Test', 9, '99', 1, 2, '', 'ya'),
(11, '00010', 'Rinso', 17, '30000', 3, NULL, '', 'tidak'),
(12, '00011', 'mouse', 20, '20000', 3, 1, '', 'tidak'),
(13, '00012', 'Soklin Lantai', 18, '3000', 3, 1, '', 'tidak'),
(14, '00013', 'Beras Merah', 15, '2000', 3, 1, '', 'tidak'),
(16, '00018', 'Testing', 20, '3000', 4, 3, '', 'tidak');

-- --------------------------------------------------------

--
-- Table structure for table `pj_ci_sessions`
--

CREATE TABLE `pj_ci_sessions` (
  `id` varchar(40) NOT NULL,
  `ip_address` varchar(45) NOT NULL,
  `timestamp` int(10) UNSIGNED NOT NULL DEFAULT '0',
  `data` blob NOT NULL
) ENGINE=InnoDB DEFAULT CHARSET=latin1;

--
-- Dumping data for table `pj_ci_sessions`
--

INSERT INTO `pj_ci_sessions` (`id`, `ip_address`, `timestamp`, `data`) VALUES
('st66e6fjst4vidp65qgdoktepm', '::1', 1605256362, 0x5f5f63695f6c6173745f726567656e65726174657c693a313630353235363336323b),
('2tte3coe784b80f3g6jfla2c6e', '::1', 1605256368, ''),
('q9v80ofk71fu2qblt68633qrl6', '::1', 1605256375, ''),
('ck13bet0offj0v8nikth6etmv8', '::1', 1605256405, 0x5f5f63695f6c6173745f726567656e65726174657c693a313630353235363430353b),
('4te46bdt6kqjp3vf6rrviqhk61', '::1', 1605256409, 0x61705f69645f757365727c733a313a2231223b61705f70617373776f72647c733a34303a2264303333653232616533343861656235363630666332313430616563333538353063346461393937223b61705f6e616d617c733a31303a2242616e672041646d696e223b61705f6c6576656c7c733a353a2261646d696e223b61705f6c6576656c5f63617074696f6e7c733a31333a2241646d696e6973747261746f72223b),
('h03im13skp590jmhaqrimumbgb', '::1', 1605256410, 0x5f5f63695f6c6173745f726567656e65726174657c693a313630353235363431303b),
('0ij99n71k4o4rc0n4v94vc4ell', '::1', 1605256410, 0x5f5f63695f6c6173745f726567656e65726174657c693a313630353235363431303b),
('tgp888j39or70rvvq24hqukok1', '::1', 1605256420, 0x5f5f63695f6c6173745f726567656e65726174657c693a313630353235363432303b),
('ipt941hd0vd6s811ho7kkmpnv7', '::1', 1605256425, 0x61705f69645f757365727c733a313a2231223b61705f70617373776f72647c733a34303a2264303333653232616533343861656235363630666332313430616563333538353063346461393937223b61705f6e616d617c733a31303a2242616e672041646d696e223b61705f6c6576656c7c733a353a2261646d696e223b61705f6c6576656c5f63617074696f6e7c733a31333a2241646d696e6973747261746f72223b),
('7iui5nc14fm7mqtiia8bb3dbts', '::1', 1605256425, 0x5f5f63695f6c6173745f726567656e65726174657c693a313630353235363432353b),
('hsk4sdvpps2ilvmomo7fgckckc', '::1', 1605256425, 0x5f5f63695f6c6173745f726567656e65726174657c693a313630353235363432353b),
('jg8ri516lrhvkb1579eb5g8r2d', '::1', 1605256644, 0x61705f69645f757365727c733a313a2231223b61705f70617373776f72647c733a34303a2264303333653232616533343861656235363630666332313430616563333538353063346461393937223b61705f6e616d617c733a31303a2242616e672041646d696e223b61705f6c6576656c7c733a353a2261646d696e223b61705f6c6576656c5f63617074696f6e7c733a31333a2241646d696e6973747261746f72223b),
('cabs1lp5sgdpa3mvrl3a7lj1mh', '::1', 1605256644, 0x5f5f63695f6c6173745f726567656e65726174657c693a313630353235363634343b),
('ml47vee60gu2ptprn35tvqlkvb', '::1', 1605256644, 0x5f5f63695f6c6173745f726567656e65726174657c693a313630353235363634343b),
('mgvavfpu16qb1m61gdgscvnv5a', '::1', 1605256651, 0x61705f69645f757365727c733a313a2235223b61705f70617373776f72647c733a34303a2232656332323039353530336665383433333236653763313964643261623938373136623633653464223b61705f6e616d617c733a31323a224a616b612053656d62756e67223b61705f6c6576656c7c733a393a22696e76656e746f7279223b61705f6c6576656c5f63617074696f6e7c733a31353a22537461666620496e76656e746f7279223b),
('58ec174s05v54v9aejgn115k38', '::1', 1605256651, 0x5f5f63695f6c6173745f726567656e65726174657c693a313630353235363635313b),
('3rjo9qa6qh0ofs6rhqv3j1hcg5', '::1', 1605256651, 0x5f5f63695f6c6173745f726567656e65726174657c693a313630353235363635313b),
('dnjshjtg5vl3d3rgepvn5kpfpl', '::1', 1605256656, 0x5f5f63695f6c6173745f726567656e65726174657c693a313630353235363635363b),
('kdg6h5qkf5r0gcm78jhodjq9m9', '::1', 1605256662, 0x61705f69645f757365727c733a313a2235223b61705f70617373776f72647c733a34303a2232656332323039353530336665383433333236653763313964643261623938373136623633653464223b61705f6e616d617c733a31323a224a616b612053656d62756e67223b61705f6c6576656c7c733a393a22696e76656e746f7279223b61705f6c6576656c5f63617074696f6e7c733a31353a22537461666620496e76656e746f7279223b),
('609ftvbbafr8g38meucfi5078o', '::1', 1605256662, 0x5f5f63695f6c6173745f726567656e65726174657c693a313630353235363636323b),
('jueq7bcqctgnos71ntr6re6703', '::1', 1605256662, 0x5f5f63695f6c6173745f726567656e65726174657c693a313630353235363636323b),
('ejjleaalqglnehcl03thfug0va', '::1', 1605257332, 0x5f5f63695f6c6173745f726567656e65726174657c693a313630353235373333323b),
('0avd2lvbenk2f42idegl4gtjvn', '::1', 1605257400, 0x61705f69645f757365727c733a313a2231223b61705f70617373776f72647c733a34303a2264303333653232616533343861656235363630666332313430616563333538353063346461393937223b61705f6e616d617c733a31303a2242616e672041646d696e223b61705f6c6576656c7c733a353a2261646d696e223b61705f6c6576656c5f63617074696f6e7c733a31333a2241646d696e6973747261746f72223b),
('27v7va63iumumh7cos99oervbl', '::1', 1605257401, 0x5f5f63695f6c6173745f726567656e65726174657c693a313630353235373430313b),
('v70e6blmk9r2d2t7gkgc0rhhbd', '::1', 1605257401, 0x5f5f63695f6c6173745f726567656e65726174657c693a313630353235373430313b),
('4kcte3m6cn8elf4q0mcnic7aai', '::1', 1605257412, 0x5f5f63695f6c6173745f726567656e65726174657c693a313630353235373431323b),
('s8ierds709rk1eqhenl7qq84vj', '::1', 1605257417, 0x61705f69645f757365727c733a313a2231223b61705f70617373776f72647c733a34303a2264303333653232616533343861656235363630666332313430616563333538353063346461393937223b61705f6e616d617c733a31303a2242616e672041646d696e223b61705f6c6576656c7c733a353a2261646d696e223b61705f6c6576656c5f63617074696f6e7c733a31333a2241646d696e6973747261746f72223b),
('70h51dt9634s5ct09g51v42q9r', '::1', 1605257417, 0x5f5f63695f6c6173745f726567656e65726174657c693a313630353235373431373b),
('duug7pi57pgkr4609u4c9k6c5h', '::1', 1605257417, 0x5f5f63695f6c6173745f726567656e65726174657c693a313630353235373431373b),
('2b4b12311455948057b370eeb62c73066c64196f', '::1', 1605266224, 0x5f5f63695f6c6173745f726567656e65726174657c693a313630353236363232343b61705f69645f757365727c733a313a2231223b61705f70617373776f72647c733a34303a2264303333653232616533343861656235363630666332313430616563333538353063346461393937223b61705f6e616d617c733a31303a2242616e672041646d696e223b61705f6c6576656c7c733a353a2261646d696e223b61705f6c6576656c5f63617074696f6e7c733a31333a2241646d696e6973747261746f72223b),
('enefmn3meifbh5ne138ac3fskv', '::1', 1605266225, 0x5f5f63695f6c6173745f726567656e65726174657c693a313630353236363232343b61705f69645f757365727c733a313a2231223b61705f70617373776f72647c733a34303a2264303333653232616533343861656235363630666332313430616563333538353063346461393937223b61705f6e616d617c733a31303a2242616e672041646d696e223b61705f6c6576656c7c733a353a2261646d696e223b61705f6c6576656c5f63617074696f6e7c733a31333a2241646d696e6973747261746f72223b),
('h4j77h404dijqruj6kimt2sedj', '::1', 1605266252, 0x5f5f63695f6c6173745f726567656e65726174657c693a313630353236363235323b),
('loue4c9t9bfjog19c69kobcjea', '::1', 1605266252, 0x5f5f63695f6c6173745f726567656e65726174657c693a313630353236363235323b),
('pgi2im1rsppj70884g0iel13aa', '::1', 1605268559, 0x5f5f63695f6c6173745f726567656e65726174657c693a313630353236383535393b),
('iocgsqr8gqbqqgvdrcgqfne4qb', '::1', 1605268567, 0x61705f69645f757365727c733a313a2231223b61705f70617373776f72647c733a34303a2264303333653232616533343861656235363630666332313430616563333538353063346461393937223b61705f6e616d617c733a31303a2242616e672041646d696e223b61705f6c6576656c7c733a353a2261646d696e223b61705f6c6576656c5f63617074696f6e7c733a31333a2241646d696e6973747261746f72223b),
('gfvgnrelbmcou6jfj4k0ajqcqe', '::1', 1605268568, 0x5f5f63695f6c6173745f726567656e65726174657c693a313630353236383536383b),
('dkk23dlspf93qquima1uak8hqe', '::1', 1605268568, 0x5f5f63695f6c6173745f726567656e65726174657c693a313630353236383536383b),
('jldqri26h7a6vq85m3qv10s5j3', '::1', 1605268572, ''),
('apmjmse6b462u4hp764g8gipu5', '::1', 1605268575, 0x61705f69645f757365727c733a313a2231223b61705f70617373776f72647c733a34303a2264303333653232616533343861656235363630666332313430616563333538353063346461393937223b61705f6e616d617c733a31303a2242616e672041646d696e223b61705f6c6576656c7c733a353a2261646d696e223b61705f6c6576656c5f63617074696f6e7c733a31333a2241646d696e6973747261746f72223b),
('s6lch71h2ss7dhdgson6mp7ap2', '::1', 1605268575, 0x5f5f63695f6c6173745f726567656e65726174657c693a313630353236383537353b),
('p5rjd3rqrn5pmh9m0f4hk8usgt', '::1', 1605268576, 0x5f5f63695f6c6173745f726567656e65726174657c693a313630353236383537363b),
('hm6bp1mn4v66agtpndb9108nlq', '::1', 1605268587, 0x61705f69645f757365727c733a313a2231223b61705f70617373776f72647c733a34303a2264303333653232616533343861656235363630666332313430616563333538353063346461393937223b61705f6e616d617c733a31303a2242616e672041646d696e223b61705f6c6576656c7c733a353a2261646d696e223b61705f6c6576656c5f63617074696f6e7c733a31333a2241646d696e6973747261746f72223b),
('4bfabp8gn16o05c0rvteib5ot0', '::1', 1605268587, 0x5f5f63695f6c6173745f726567656e65726174657c693a313630353236383538373b),
('36agtua9j9o2u25gcsqampcfgu', '::1', 1605268588, 0x5f5f63695f6c6173745f726567656e65726174657c693a313630353236383538383b),
('7jnvntme106p2l5urvmrfpsbak', '::1', 1605268601, 0x5f5f63695f6c6173745f726567656e65726174657c693a313630353236383630313b),
('j57bu5jfat6o2n41oji8fimf0m', '::1', 1605268608, 0x61705f69645f757365727c733a313a2231223b61705f70617373776f72647c733a34303a2264303333653232616533343861656235363630666332313430616563333538353063346461393937223b61705f6e616d617c733a31303a2242616e672041646d696e223b61705f6c6576656c7c733a353a2261646d696e223b61705f6c6576656c5f63617074696f6e7c733a31333a2241646d696e6973747261746f72223b),
('qepq0969fv60b1nv7q71ip7oli', '::1', 1605268608, 0x5f5f63695f6c6173745f726567656e65726174657c693a313630353236383630383b),
('6htaatb97m7kfn7d8m6nvqg6tl', '::1', 1605268608, 0x5f5f63695f6c6173745f726567656e65726174657c693a313630353236383630383b),
('dcg12qlkdq92blora7sl6vuv6o', '::1', 1605268617, 0x5f5f63695f6c6173745f726567656e65726174657c693a313630353236383631373b),
('3uv4ppdpnphvjlo9mk8n9qmoob', '::1', 1605336606, 0x5f5f63695f6c6173745f726567656e65726174657c693a313630353333363630363b),
('87737b1e5c22f403da1db96f055f7919f841cd33', '::1', 1605441742, 0x5f5f63695f6c6173745f726567656e65726174657c693a313630353434313734323b),
('15gba4jn1va7mr3q0iamj6ds2u', '::1', 1605441742, 0x5f5f63695f6c6173745f726567656e65726174657c693a313630353434313734323b),
('gc3ggs3c19p4f11bnfvb15ks4v', '::1', 1605441746, 0x61705f69645f757365727c733a313a2231223b61705f70617373776f72647c733a34303a2264303333653232616533343861656235363630666332313430616563333538353063346461393937223b61705f6e616d617c733a31303a2242616e672041646d696e223b61705f6c6576656c7c733a353a2261646d696e223b61705f6c6576656c5f63617074696f6e7c733a31333a2241646d696e6973747261746f72223b),
('f8p8ecb7uv13bspgoi6vli89r5', '::1', 1605441747, 0x5f5f63695f6c6173745f726567656e65726174657c693a313630353434313734373b),
('j6hvs9b5r8h9drbg4ffg17l1e9', '::1', 1605441747, 0x5f5f63695f6c6173745f726567656e65726174657c693a313630353434313734373b),
('ca8e30807bd604d9af8b002e1f465c73298568ba', '::1', 1605441966, ''),
('4h2fri0tj1e03dod7lnb8q4ofh', '::1', 1606107463, 0x5f5f63695f6c6173745f726567656e65726174657c693a313630363130373436333b),
('a92d45cac61aa5fdc0a704ce76cd238229b1fc3c', '127.0.0.1', 1643096728, 0x5f5f63695f6c6173745f726567656e65726174657c693a313634333039363637353b61705f69645f757365727c733a313a2231223b61705f70617373776f72647c733a34303a2264303333653232616533343861656235363630666332313430616563333538353063346461393937223b61705f6e616d617c733a31303a2242616e672041646d696e223b61705f6c6576656c7c733a353a2261646d696e223b61705f6c6576656c5f63617074696f6e7c733a31333a2241646d696e6973747261746f72223b),
('h09ke673km903ahe13lupl2lqq', '127.0.0.1', 1643096790, 0x5f5f63695f6c6173745f726567656e65726174657c693a313634333039363739303b),
('kpjq4aj0rbquke25renar72prv', '127.0.0.1', 1643096790, 0x5f5f63695f6c6173745f726567656e65726174657c693a313634333039363739303b),
('sgvl1k0jr8rqq5c75hmfijfg77', '127.0.0.1', 1643096796, 0x61705f69645f757365727c733a313a2231223b61705f70617373776f72647c733a34303a2264303333653232616533343861656235363630666332313430616563333538353063346461393937223b61705f6e616d617c733a31303a2242616e672041646d696e223b61705f6c6576656c7c733a353a2261646d696e223b61705f6c6576656c5f63617074696f6e7c733a31333a2241646d696e6973747261746f72223b),
('4dkfoim9t235m4ova5ek841l1o', '127.0.0.1', 1643096796, 0x5f5f63695f6c6173745f726567656e65726174657c693a313634333039363739363b),
('t78icou77kblvuecnnbd3eapik', '127.0.0.1', 1643096797, 0x5f5f63695f6c6173745f726567656e65726174657c693a313634333039363739373b),
('lgr3m4vv55c8klrpcrbisg7kd1', '127.0.0.1', 1643096807, 0x5f5f63695f6c6173745f726567656e65726174657c693a313634333039363830373b),
('ipvjg059dpr89d4okil1g1odql', '127.0.0.1', 1643096855, 0x61705f69645f757365727c733a313a2235223b61705f70617373776f72647c733a34303a2232656332323039353530336665383433333236653763313964643261623938373136623633653464223b61705f6e616d617c733a31323a224a616b612053656d62756e67223b61705f6c6576656c7c733a393a22696e76656e746f7279223b61705f6c6576656c5f63617074696f6e7c733a31353a22537461666620496e76656e746f7279223b),
('10ohabn96bifjhgmqdkg19cr01', '127.0.0.1', 1643096855, 0x5f5f63695f6c6173745f726567656e65726174657c693a313634333039363835353b),
('85mpnno022r0odh9gqailopgre', '127.0.0.1', 1643096856, 0x5f5f63695f6c6173745f726567656e65726174657c693a313634333039363835363b),
('e2pjvtj9gmgv6747a6g4a4nqe1', '127.0.0.1', 1643096864, 0x61705f69645f757365727c733a313a2232223b61705f70617373776f72647c733a34303a2238363931653466633533623939646135343463653836653232616362613632643133333532656666223b61705f6e616d617c733a373a2243656e74696e69223b61705f6c6576656c7c733a353a226b61736972223b61705f6c6576656c5f63617074696f6e7c733a31313a225374616666204b61736972223b),
('7r56csraurjni7044als5ksolm', '127.0.0.1', 1643096864, 0x5f5f63695f6c6173745f726567656e65726174657c693a313634333039363836343b),
('rrsco95524re9perddgh02sfqv', '127.0.0.1', 1643096864, 0x5f5f63695f6c6173745f726567656e65726174657c693a313634333039363836343b),
('gbcc26mc4hv69vf6vku64p56v2', '127.0.0.1', 1643096877, ''),
('vpkuuinjg8umpmpoi241ahumnj', '127.0.0.1', 1643096906, 0x61705f69645f757365727c733a313a2236223b61705f70617373776f72647c733a34303a2239376333353837323866376639343763396132373962613962653838333038333935633763633361223b61705f6e616d617c733a393a224a6f6b6f2048616a69223b61705f6c6576656c7c733a383a226b6575616e67616e223b61705f6c6576656c5f63617074696f6e7c733a31343a225374616666204b6575616e67616e223b),
('16d27bqj5rgfdto9tfugbj31h6', '127.0.0.1', 1643096906, 0x5f5f63695f6c6173745f726567656e65726174657c693a313634333039363930363b),
('dg39nlo971dq99mjiclnup33h2', '127.0.0.1', 1643096906, 0x5f5f63695f6c6173745f726567656e65726174657c693a313634333039363930363b),
('suvladefbdr8tkfjfgto3iic9f', '127.0.0.1', 1643096929, 0x61705f69645f757365727c733a313a2235223b61705f70617373776f72647c733a34303a2232656332323039353530336665383433333236653763313964643261623938373136623633653464223b61705f6e616d617c733a31323a224a616b612053656d62756e67223b61705f6c6576656c7c733a393a22696e76656e746f7279223b61705f6c6576656c5f63617074696f6e7c733a31353a22537461666620496e76656e746f7279223b),
('urbbks2ma323q16ahjdnhmmkc4', '127.0.0.1', 1643096929, 0x5f5f63695f6c6173745f726567656e65726174657c693a313634333039363932393b),
('jsdcepul60u74it7hqip56b7no', '127.0.0.1', 1643096929, 0x5f5f63695f6c6173745f726567656e65726174657c693a313634333039363932393b),
('inkhs5dqfk4igkcua9mqc2scvi', '127.0.0.1', 1643096933, 0x5f5f63695f6c6173745f726567656e65726174657c693a313634333039363933333b),
('hsp853j7knjm3igrq4r15fbtrf', '127.0.0.1', 1643096940, 0x61705f69645f757365727c733a313a2231223b61705f70617373776f72647c733a34303a2264303333653232616533343861656235363630666332313430616563333538353063346461393937223b61705f6e616d617c733a31303a2242616e672041646d696e223b61705f6c6576656c7c733a353a2261646d696e223b61705f6c6576656c5f63617074696f6e7c733a31333a2241646d696e6973747261746f72223b),
('2nstm7diqplgg1o11ph1i2udan', '127.0.0.1', 1643096940, 0x5f5f63695f6c6173745f726567656e65726174657c693a313634333039363934303b),
('9dvedgj7tdmn98njbtskems0vk', '127.0.0.1', 1643096940, 0x5f5f63695f6c6173745f726567656e65726174657c693a313634333039363934303b),
('cjrpuc38p65togjo5ndf0c1esf', '127.0.0.1', 1643096946, 0x5f5f63695f6c6173745f726567656e65726174657c693a313634333039363934363b),
('0slqb17pgtd01irkemg80o8n5u', '127.0.0.1', 1643096949, 0x5f5f63695f6c6173745f726567656e65726174657c693a313634333039363934393b),
('836da6a9ppsgikemklf57mv6gd', '::1', 1643096960, 0x5f5f63695f6c6173745f726567656e65726174657c693a313634333039363936303b),
('7kfj7s2h0e5p9pvv71fvo500ab', '::1', 1643096963, 0x61705f69645f757365727c733a313a2231223b61705f70617373776f72647c733a34303a2264303333653232616533343861656235363630666332313430616563333538353063346461393937223b61705f6e616d617c733a31303a2242616e672041646d696e223b61705f6c6576656c7c733a353a2261646d696e223b61705f6c6576656c5f63617074696f6e7c733a31333a2241646d696e6973747261746f72223b),
('6kpefho48t8a6j0virnnolqvsc', '::1', 1643096963, 0x5f5f63695f6c6173745f726567656e65726174657c693a313634333039363936333b),
('ldlttrhmkirdlsauolqhr96t7m', '::1', 1643096963, 0x5f5f63695f6c6173745f726567656e65726174657c693a313634333039363936333b),
('h6oh05i9nqhoqrgn7i7hh29mtd', '::1', 1643096965, ''),
('9ljn0s9su7u337u3h4omqg367r', '::1', 1643096969, 0x61705f69645f757365727c733a313a2231223b61705f70617373776f72647c733a34303a2264303333653232616533343861656235363630666332313430616563333538353063346461393937223b61705f6e616d617c733a31303a2242616e672041646d696e223b61705f6c6576656c7c733a353a2261646d696e223b61705f6c6576656c5f63617074696f6e7c733a31333a2241646d696e6973747261746f72223b),
('187kmciiliqh3d0ptlu7gu9phr', '::1', 1643096969, 0x5f5f63695f6c6173745f726567656e65726174657c693a313634333039363936393b),
('kd83r3dgi95dvgv621799gnl5b', '::1', 1643096969, 0x5f5f63695f6c6173745f726567656e65726174657c693a313634333039363936393b),
('2brpvo2ggn55cnda1f61qr3cqr', '::1', 1643097050, 0x61705f69645f757365727c733a313a2231223b61705f70617373776f72647c733a34303a2264303333653232616533343861656235363630666332313430616563333538353063346461393937223b61705f6e616d617c733a31303a2242616e672041646d696e223b61705f6c6576656c7c733a353a2261646d696e223b61705f6c6576656c5f63617074696f6e7c733a31333a2241646d696e6973747261746f72223b),
('j5djlhv52st93hhgm723dube9g', '::1', 1643097050, 0x5f5f63695f6c6173745f726567656e65726174657c693a313634333039373035303b),
('g5tn0218akvrvodjqkcbreo4fb', '::1', 1643097050, 0x5f5f63695f6c6173745f726567656e65726174657c693a313634333039373035303b),
('prp8gpjbfp7ihrfm6f3j8ts7v3', '::1', 1643097055, 0x5f5f63695f6c6173745f726567656e65726174657c693a313634333039373035353b),
('vksg68gt9vr7vckc938iv0jnm6', '::1', 1643097057, 0x5f5f63695f6c6173745f726567656e65726174657c693a313634333039373035373b),
('f10f01cm8n2reekfem7is5d8ip', '127.0.0.1', 1643097176, 0x5f5f63695f6c6173745f726567656e65726174657c693a313634333039373137363b),
('glqstcub50rq6vkhfpainqva5v', '127.0.0.1', 1643097176, 0x5f5f63695f6c6173745f726567656e65726174657c693a313634333039373137363b),
('08meds2atnalutqbbb0gs6v37p', '127.0.0.1', 1643097190, 0x5f5f63695f6c6173745f726567656e65726174657c693a313634333039373139303b),
('svk2jdent2313h2cimiul5grod', '127.0.0.1', 1643097196, 0x5f5f63695f6c6173745f726567656e65726174657c693a313634333039373139363b),
('h6q8r2g0tq9kg737ota26v5237', '127.0.0.1', 1643097196, 0x5f5f63695f6c6173745f726567656e65726174657c693a313634333039373139363b),
('drj4mrqdd4elltaikgdkl1rf70', '::1', 1643097230, 0x5f5f63695f6c6173745f726567656e65726174657c693a313634333039373233303b),
('aesi5e536b1bnvvgne47hubu78', '::1', 1643097230, 0x5f5f63695f6c6173745f726567656e65726174657c693a313634333039373233303b),
('3i4v5m46c2mabjlbtsm3052511', '127.0.0.1', 1643098767, 0x61705f69645f757365727c733a313a2231223b61705f70617373776f72647c733a34303a2264303333653232616533343861656235363630666332313430616563333538353063346461393937223b61705f6e616d617c733a31303a2242616e672041646d696e223b61705f6c6576656c7c733a353a2261646d696e223b61705f6c6576656c5f63617074696f6e7c733a31333a2241646d696e6973747261746f72223b),
('b2iajvs22f3qn5p6q6fr0sr879', '127.0.0.1', 1643098768, 0x5f5f63695f6c6173745f726567656e65726174657c693a313634333039383736383b),
('8onqp2535kgducgvv9gqfhjbjs', '127.0.0.1', 1643098768, 0x5f5f63695f6c6173745f726567656e65726174657c693a313634333039383736383b),
('quema44dvjfng3gpqedloq98qa', '127.0.0.1', 1643098886, 0x5f5f63695f6c6173745f726567656e65726174657c693a313634333039383838363b),
('s405nrl2qbfeko88lcfa7clpja', '127.0.0.1', 1643098889, 0x5f5f63695f6c6173745f726567656e65726174657c693a313634333039383838393b),
('dr7frb8o6emvbkq0okf6p5n6nu', '127.0.0.1', 1643098893, 0x61705f69645f757365727c733a313a2231223b61705f70617373776f72647c733a34303a2264303333653232616533343861656235363630666332313430616563333538353063346461393937223b61705f6e616d617c733a31303a2242616e672041646d696e223b61705f6c6576656c7c733a353a2261646d696e223b61705f6c6576656c5f63617074696f6e7c733a31333a2241646d696e6973747261746f72223b),
('tueq1s820tb048unh688p78sbp', '127.0.0.1', 1643098893, 0x5f5f63695f6c6173745f726567656e65726174657c693a313634333039383839333b),
('nrmip25f7r3dhkq5a3avqt7kvr', '127.0.0.1', 1643098893, 0x5f5f63695f6c6173745f726567656e65726174657c693a313634333039383839333b),
('j2fg728b53c0a81oi5r65ae994', '127.0.0.1', 1643098897, '');

-- --------------------------------------------------------

--
-- Table structure for table `pj_kategori_barang`
--

CREATE TABLE `pj_kategori_barang` (
  `id_kategori_barang` mediumint(11) UNSIGNED NOT NULL,
  `kategori` varchar(40) NOT NULL,
  `dihapus` enum('tidak','ya') NOT NULL
) ENGINE=MyISAM DEFAULT CHARSET=latin1;

--
-- Dumping data for table `pj_kategori_barang`
--

INSERT INTO `pj_kategori_barang` (`id_kategori_barang`, `kategori`, `dihapus`) VALUES
(1, 'Sepatu', 'ya'),
(2, 'Tas', 'tidak'),
(3, 'Baju', 'tidak'),
(4, 'Celana', 'tidak'),
(5, 'Topi', 'ya'),
(6, 'Gelang', 'ya'),
(7, 'Jam', 'ya'),
(8, 'Topi', 'tidak');

-- --------------------------------------------------------

--
-- Table structure for table `pj_merk_barang`
--

CREATE TABLE `pj_merk_barang` (
  `id_merk_barang` mediumint(11) UNSIGNED NOT NULL,
  `merk` varchar(40) NOT NULL
) ENGINE=MyISAM DEFAULT CHARSET=latin1;

--
-- Dumping data for table `pj_merk_barang`
--

INSERT INTO `pj_merk_barang` (`id_merk_barang`, `merk`) VALUES
(1, 'Adidas'),
(2, 'Nike'),
(3, 'BodyPack'),
(4, 'Jansport'),
(5, 'Nevada'),
(6, 'Jackloth'),
(7, 'Pierro'),
(8, 'Pierro'),
(9, 'Pierro'),
(10, 'Converse'),
(11, 'Piero'),
(12, 'Teen'),
(13, 'adass2'),
(14, 'asda'),
(15, 'sada3'),
(16, 'asda 3');

-- --------------------------------------------------------

--
-- Table structure for table `pj_penjualan_detail`
--

CREATE TABLE `pj_penjualan_detail` (
  `id_penjualan_d` int(11) UNSIGNED NOT NULL,
  `id_penjualan_m` int(11) UNSIGNED NOT NULL,
  `id_barang` int(11) NOT NULL,
  `jumlah_beli` smallint(11) UNSIGNED NOT NULL,
  `harga_satuan` decimal(10,0) NOT NULL,
  `total` decimal(10,0) NOT NULL
) ENGINE=MyISAM DEFAULT CHARSET=latin1;

--
-- Dumping data for table `pj_penjualan_detail`
--

INSERT INTO `pj_penjualan_detail` (`id_penjualan_d`, `id_penjualan_m`, `id_barang`, `jumlah_beli`, `harga_satuan`, `total`) VALUES
(7, 4, 13, 1, '3000', '3000'),
(6, 4, 3, 1, '350000', '350000');

-- --------------------------------------------------------

--
-- Table structure for table `pj_penjualan_master`
--

CREATE TABLE `pj_penjualan_master` (
  `id_penjualan_m` int(11) UNSIGNED NOT NULL,
  `nomor_nota` varchar(40) NOT NULL,
  `tanggal` date NOT NULL,
  `grand_total` decimal(10,0) NOT NULL,
  `bayar` decimal(10,0) NOT NULL,
  `keterangan_lain` text,
  `id_perusahaan` int(11) UNSIGNED DEFAULT NULL,
  `id_user` int(11) UNSIGNED NOT NULL
) ENGINE=MyISAM DEFAULT CHARSET=latin1;

--
-- Dumping data for table `pj_penjualan_master`
--

INSERT INTO `pj_penjualan_master` (`id_penjualan_m`, `nomor_nota`, `tanggal`, `grand_total`, `bayar`, `keterangan_lain`, `id_perusahaan`, `id_user`) VALUES
(4, '6200C6C0274D9', '2022-02-07', '353000', '400000', '', 2, 13);

-- --------------------------------------------------------

--
-- Table structure for table `pj_perusahaan`
--

CREATE TABLE `pj_perusahaan` (
  `id_perusahaan` int(11) NOT NULL,
  `nama` varchar(40) NOT NULL,
  `alamat` text NOT NULL,
  `telp` int(15) NOT NULL
) ENGINE=InnoDB DEFAULT CHARSET=utf8mb4;

--
-- Dumping data for table `pj_perusahaan`
--

INSERT INTO `pj_perusahaan` (`id_perusahaan`, `nama`, `alamat`, `telp`) VALUES
(2, 'PT. Panasonic Gobel', 'Cikarang', 21);

-- --------------------------------------------------------

--
-- Table structure for table `users`
--

CREATE TABLE `users` (
  `user_id` int(11) NOT NULL,
  `username` varchar(50) NOT NULL,
  `password` varchar(150) NOT NULL,
  `email` varchar(50) NOT NULL,
  `phone` varchar(20) NOT NULL,
  `role` enum('admin','owner') NOT NULL,
  `last_login` timestamp NOT NULL DEFAULT CURRENT_TIMESTAMP,
  `created_at` timestamp NOT NULL DEFAULT CURRENT_TIMESTAMP,
  `is_active` tinyint(1) NOT NULL DEFAULT '0'
) ENGINE=InnoDB DEFAULT CHARSET=latin1 COMMENT='Tabel untuk menyimpan data user';

--
-- Dumping data for table `users`
--

INSERT INTO `users` (`user_id`, `username`, `password`, `email`, `phone`, `role`, `last_login`, `created_at`, `is_active`) VALUES
(1, 'dian', '$2y$10$kVkGLYXNkutu4lWJIElqiOOCB5nu9CtUYlOtrp15rTGj8C6hgIvga', 'diannn@petanikode.com', '08123456789', 'admin', '2020-11-23 15:46:13', '2019-12-10 15:46:40', 1),
(7, 'febri', '$2y$10$TpipIS3PDfeHTJWggvnFO.eT/dVBMyVKI5OcYV1avGMnt8wTqOt5O', 'febri@petanikode.com', '08123456789', 'owner', '2020-11-14 07:23:27', '2019-12-10 15:46:40', 1),
(13, 'wafi', '$2y$10$A0.tIp5xArjhK95sLpcpC.5os4z6kJ8W8jbi4RYgHM8B2qLnl1dIO', 'hasbulwafi6@gmail.com', '0896', 'admin', '2020-11-20 07:23:07', '2020-11-20 07:23:07', 1);

--
-- Indexes for dumped tables
--

--
-- Indexes for table `pj_akses`
--
ALTER TABLE `pj_akses`
  ADD PRIMARY KEY (`id_akses`);

--
-- Indexes for table `pj_barang`
--
ALTER TABLE `pj_barang`
  ADD PRIMARY KEY (`id_barang`);

--
-- Indexes for table `pj_ci_sessions`
--
ALTER TABLE `pj_ci_sessions`
  ADD KEY `ci_sessions_timestamp` (`timestamp`);

--
-- Indexes for table `pj_kategori_barang`
--
ALTER TABLE `pj_kategori_barang`
  ADD PRIMARY KEY (`id_kategori_barang`);

--
-- Indexes for table `pj_merk_barang`
--
ALTER TABLE `pj_merk_barang`
  ADD PRIMARY KEY (`id_merk_barang`);

--
-- Indexes for table `pj_penjualan_detail`
--
ALTER TABLE `pj_penjualan_detail`
  ADD PRIMARY KEY (`id_penjualan_d`);

--
-- Indexes for table `pj_penjualan_master`
--
ALTER TABLE `pj_penjualan_master`
  ADD PRIMARY KEY (`id_penjualan_m`);

--
-- Indexes for table `pj_perusahaan`
--
ALTER TABLE `pj_perusahaan`
  ADD PRIMARY KEY (`id_perusahaan`);

--
-- Indexes for table `users`
--
ALTER TABLE `users`
  ADD PRIMARY KEY (`user_id`);

--
-- AUTO_INCREMENT for dumped tables
--

--
-- AUTO_INCREMENT for table `pj_akses`
--
ALTER TABLE `pj_akses`
  MODIFY `id_akses` tinyint(1) UNSIGNED NOT NULL AUTO_INCREMENT, AUTO_INCREMENT=5;

--
-- AUTO_INCREMENT for table `pj_barang`
--
ALTER TABLE `pj_barang`
  MODIFY `id_barang` int(11) UNSIGNED NOT NULL AUTO_INCREMENT, AUTO_INCREMENT=18;

--
-- AUTO_INCREMENT for table `pj_kategori_barang`
--
ALTER TABLE `pj_kategori_barang`
  MODIFY `id_kategori_barang` mediumint(11) UNSIGNED NOT NULL AUTO_INCREMENT, AUTO_INCREMENT=10;

--
-- AUTO_INCREMENT for table `pj_merk_barang`
--
ALTER TABLE `pj_merk_barang`
  MODIFY `id_merk_barang` mediumint(11) UNSIGNED NOT NULL AUTO_INCREMENT, AUTO_INCREMENT=20;

--
-- AUTO_INCREMENT for table `pj_penjualan_detail`
--
ALTER TABLE `pj_penjualan_detail`
  MODIFY `id_penjualan_d` int(11) UNSIGNED NOT NULL AUTO_INCREMENT, AUTO_INCREMENT=8;

--
-- AUTO_INCREMENT for table `pj_penjualan_master`
--
ALTER TABLE `pj_penjualan_master`
  MODIFY `id_penjualan_m` int(11) UNSIGNED NOT NULL AUTO_INCREMENT, AUTO_INCREMENT=5;

--
-- AUTO_INCREMENT for table `pj_perusahaan`
--
ALTER TABLE `pj_perusahaan`
  MODIFY `id_perusahaan` int(11) NOT NULL AUTO_INCREMENT, AUTO_INCREMENT=3;

--
-- AUTO_INCREMENT for table `users`
--
ALTER TABLE `users`
  MODIFY `user_id` int(11) NOT NULL AUTO_INCREMENT, AUTO_INCREMENT=14;
COMMIT;

/*!40101 SET CHARACTER_SET_CLIENT=@OLD_CHARACTER_SET_CLIENT */;
/*!40101 SET CHARACTER_SET_RESULTS=@OLD_CHARACTER_SET_RESULTS */;
/*!40101 SET COLLATION_CONNECTION=@OLD_COLLATION_CONNECTION */;
